/*
Navicat PGSQL Data Transfer

Source Server         : switching
Source Server Version : 90603
Source Host           : localhost:5432
Source Database       : switching
Source Schema         : public

Target Server Type    : PGSQL
Target Server Version : 90500
File Encoding         : 65001

Date: 2017-05-31 01:46:46
*/


-- ----------------------------
-- Sequence structure for trans_deposit_squance
-- ----------------------------
DROP SEQUENCE IF EXISTS "trans_deposit_squance";
CREATE SEQUENCE "trans_deposit_squance"
 INCREMENT 1
 MINVALUE 1
 MAXVALUE 9223372036854775807
 START 34
 CACHE 1;
SELECT setval('"public"."trans_deposit_squance"', 34, true);

-- ----------------------------
-- Table structure for mst_area_dist
-- ----------------------------
DROP TABLE IF EXISTS "mst_area_dist";
CREATE TABLE "mst_area_dist" (
"dist_id" char(2) COLLATE "default" NOT NULL,
"dist_name" char(20) COLLATE "default"
)
WITH (OIDS=FALSE)

;

-- ----------------------------
-- Records of mst_area_dist
-- ----------------------------
BEGIN;
INSERT INTO "mst_area_dist" VALUES ('54', 'DISJAYA             ');
COMMIT;

-- ----------------------------
-- Table structure for mst_deposit
-- ----------------------------
DROP TABLE IF EXISTS "mst_deposit";
CREATE TABLE "mst_deposit" (
"partner_id" char(7) COLLATE "default" NOT NULL,
"debet" float8,
"kredit" float8,
"saldo" float8
)
WITH (OIDS=FALSE)

;

-- ----------------------------
-- Records of mst_deposit
-- ----------------------------
BEGIN;
INSERT INTO "mst_deposit" VALUES ('1000001', '1777859267776', '1000000000', '111104701111');
COMMIT;

-- ----------------------------
-- Table structure for mst_fee
-- ----------------------------
DROP TABLE IF EXISTS "mst_fee";
CREATE TABLE "mst_fee" (
"partner_id" char(7) COLLATE "default" NOT NULL,
"admin" float8,
"fee" float8
)
WITH (OIDS=FALSE)

;

-- ----------------------------
-- Records of mst_fee
-- ----------------------------
BEGIN;
INSERT INTO "mst_fee" VALUES ('1000001', '2500', '1000');
COMMIT;

-- ----------------------------
-- Table structure for mst_merchant
-- ----------------------------
DROP TABLE IF EXISTS "mst_merchant";
CREATE TABLE "mst_merchant" (
"merchant_id" char(4) COLLATE "default" NOT NULL,
"merchant_name" text COLLATE "default" NOT NULL
)
WITH (OIDS=FALSE)

;

-- ----------------------------
-- Records of mst_merchant
-- ----------------------------
BEGIN;
INSERT INTO "mst_merchant" VALUES ('6010', 'Teller
');
INSERT INTO "mst_merchant" VALUES ('6011', 'ATM          
');
INSERT INTO "mst_merchant" VALUES ('6012', 'Point of Sales (PoS/KUD)          
');
INSERT INTO "mst_merchant" VALUES ('6013', 'Auto Debet/Giralisasi          
');
INSERT INTO "mst_merchant" VALUES ('6014', 'Internet Banking
');
INSERT INTO "mst_merchant" VALUES ('6015', 'Kiosk (keliling)');
INSERT INTO "mst_merchant" VALUES ('6016', 'Phone Banking');
INSERT INTO "mst_merchant" VALUES ('6017', 'Mobile Banking');
INSERT INTO "mst_merchant" VALUES ('6018', 'EDC');
INSERT INTO "mst_merchant" VALUES ('6019', 'ADM');
INSERT INTO "mst_merchant" VALUES ('6021', 'PC (Personal Computer) PoS');
INSERT INTO "mst_merchant" VALUES ('6022', 'EDC (Electronik Data Capture) PoS');
INSERT INTO "mst_merchant" VALUES ('6023', 'SMS (Short Message Service) PoS');
INSERT INTO "mst_merchant" VALUES ('6024', 'Modern Channel PoS');
INSERT INTO "mst_merchant" VALUES ('6025', 'Mobile PoS');
COMMIT;

-- ----------------------------
-- Table structure for mst_partner
-- ----------------------------
DROP TABLE IF EXISTS "mst_partner";
CREATE TABLE "mst_partner" (
"partner_id" char(7) COLLATE "default" NOT NULL,
"partner_name" varchar(35) COLLATE "default",
"address" varchar(100) COLLATE "default",
"phone" varchar(30) COLLATE "default",
"e_mail" varchar(50) COLLATE "default",
"pic_id" char(2) COLLATE "default"
)
WITH (OIDS=FALSE)

;

-- ----------------------------
-- Records of mst_partner
-- ----------------------------
BEGIN;
INSERT INTO "mst_partner" VALUES ('1000001', 'PLN T1', 'SAWUNGALING', '0982130218', 'PLN SAWONGALING 1', 'T1');
COMMIT;

-- ----------------------------
-- Table structure for mst_partner_pic
-- ----------------------------
DROP TABLE IF EXISTS "mst_partner_pic";
CREATE TABLE "mst_partner_pic" (
"pic_id" char(2) COLLATE "default" NOT NULL,
"pic_name" varchar(35) COLLATE "default",
"address" varchar(100) COLLATE "default",
"Phone" varchar(30) COLLATE "default",
"e_mail" varchar(50) COLLATE "default"
)
WITH (OIDS=FALSE)

;

-- ----------------------------
-- Records of mst_partner_pic
-- ----------------------------
BEGIN;
INSERT INTO "mst_partner_pic" VALUES ('T1', 'AHMAD SUKRI', 'SUKO LEGOK', '085232806724', 'ahmadsukriabdilah@gmail.com');
COMMIT;

-- ----------------------------
-- Table structure for mst_product
-- ----------------------------
DROP TABLE IF EXISTS "mst_product";
CREATE TABLE "mst_product" (
"prod_id" char(5) COLLATE "default" NOT NULL,
"prod_name" varchar(20) COLLATE "default"
)
WITH (OIDS=FALSE)

;

-- ----------------------------
-- Records of mst_product
-- ----------------------------
BEGIN;
INSERT INTO "mst_product" VALUES ('99501', 'Postpaid');
INSERT INTO "mst_product" VALUES ('99502', 'Prepaid');
INSERT INTO "mst_product" VALUES ('99504', 'Non-taglis');
COMMIT;

-- ----------------------------
-- Table structure for mst_product_item
-- ----------------------------
DROP TABLE IF EXISTS "mst_product_item";
CREATE TABLE "mst_product_item" (
"prod_id" char(5) COLLATE "default" NOT NULL,
"denom" varchar(10) COLLATE "default" NOT NULL,
"nominal" varchar(10) COLLATE "default" NOT NULL,
"pos" int4,
"channel" int4
)
WITH (OIDS=FALSE)

;

-- ----------------------------
-- Records of mst_product_item
-- ----------------------------
BEGIN;
INSERT INTO "mst_product_item" VALUES ('99502', 'BL100', '100000', '1', '1');
INSERT INTO "mst_product_item" VALUES ('99502', 'BL1000', '1000000', '1', '1');
INSERT INTO "mst_product_item" VALUES ('99502', 'BL10000', '10000000', '1', '1');
INSERT INTO "mst_product_item" VALUES ('99502', 'BL20', '20000', '1', '1');
INSERT INTO "mst_product_item" VALUES ('99502', 'BL200', '200000', '1', '1');
INSERT INTO "mst_product_item" VALUES ('99502', 'BL50', '50000', '1', '1');
INSERT INTO "mst_product_item" VALUES ('99502', 'BL500', '500000', '1', '1');
INSERT INTO "mst_product_item" VALUES ('99502', 'BL5000', '5000000', '1', '1');
INSERT INTO "mst_product_item" VALUES ('99502', 'BL50000', '50000000', '1', '0');
COMMIT;

-- ----------------------------
-- Table structure for mst_status
-- ----------------------------
DROP TABLE IF EXISTS "mst_status";
CREATE TABLE "mst_status" (
"status_id" char(2) COLLATE "default" NOT NULL,
"keterangan" text COLLATE "default" NOT NULL
)
WITH (OIDS=FALSE)

;

-- ----------------------------
-- Records of mst_status
-- ----------------------------
BEGIN;
INSERT INTO "mst_status" VALUES ('00', 'INQUIRY
');
INSERT INTO "mst_status" VALUES ('01', 'PAYMENT UNDER PROSES BY BILLER
');
INSERT INTO "mst_status" VALUES ('02', 'PAYMENT SUCCESS

');
INSERT INTO "mst_status" VALUES ('10', 'PAYMENT FAILED REVERSE UNDER PROGRESS
');
INSERT INTO "mst_status" VALUES ('11', 'PAYMENT FAILED REVERSED SUCCESS\
');
COMMIT;

-- ----------------------------
-- Table structure for mst_transaksi
-- ----------------------------
DROP TABLE IF EXISTS "mst_transaksi";
CREATE TABLE "mst_transaksi" (
"ntrans" varchar(32) COLLATE "default" NOT NULL,
"bulan" char(2) COLLATE "default" NOT NULL,
"tahun" char(4) COLLATE "default",
"mssidn" varchar(32) COLLATE "default" NOT NULL,
"nama_pelanggan" varchar(255) COLLATE "default",
"merchant_id" varchar(4) COLLATE "default" NOT NULL,
"date" timestamp(0) NOT NULL,
"inqdate" timestamp(0),
"paydate" timestamp(0),
"reversedate" timestamp(0),
"product_code" char(5) COLLATE "default" NOT NULL,
"denom" char(7) COLLATE "default",
"plnref" varchar(32) COLLATE "default",
"bukopinref" varchar(32) COLLATE "default",
"tagihan" float8,
"admin" float8,
"pinalty" float8,
"total" float8,
"fee" float8,
"debet" float8,
"kredit" float8,
"saldo" float8,
"inquiry" text COLLATE "default",
"payment" text COLLATE "default",
"reverse" text COLLATE "default",
"partner_id" varchar(7) COLLATE "default",
"user_id" varchar(7) COLLATE "default" NOT NULL,
"mac" varchar(255) COLLATE "default",
"ipaddress" varchar(255) COLLATE "default",
"latitude" varchar(255) COLLATE "default",
"longitude" varchar(255) COLLATE "default",
"token" text COLLATE "default",
"st" char(2) COLLATE "default" NOT NULL,
"prt" int2
)
WITH (OIDS=FALSE)

;

-- ----------------------------
-- Records of mst_transaksi
-- ----------------------------
BEGIN;
INSERT INTO "mst_transaksi" VALUES ('20170515009035093722581', '05', '2017', '530000000001', 'SUBCRIBER NAME', '6021', '2017-05-30 21:03:49', '2017-05-30 21:03:50', null, null, '99501', null, null, 'D380CF6FE14FC2F6567A850C6DFF7D7B', '300000', '2500', '0', '302500', '1000', '302500', '0', '0', '21105030004182810000059950136000000003000002565868943612017051500903460210744100100744112380000TMC00000000000012360000000530000000001101D380CF6FE14FC2F6567A850C6DFF7D7BSUBCRIBER NAME           00005000000000000015  R10000013000000025002017053005201730052017000000300000C00000000000000000000000000000000000011110000222200000008000000080000000800000008', null, null, '1000001', 'TRY0001', 'null', '192.168.1.111', 'null', 'null', null, '00', '0');
INSERT INTO "mst_transaksi" VALUES ('201705150090921264025546', '05', '2017', '530000000001', 'SUBCRIBER NAME', '6021', '2017-05-30 21:09:21', '2017-05-30 21:09:21', null, null, '99501', null, null, '5360770A05586587EE44A9983B9E0781', '300000', '2500', '0', '302500', '1000', '302500', '0', '0', '21105030004182810000059950136000000003000005062123276382017051500909260210744100100744112380000TMC000000000000123600000005300000000011015360770A05586587EE44A9983B9E0781SUBCRIBER NAME           00005000000000000015  R10000013000000025002017053005201730052017000000300000C00000000000000000000000000000000000011110000222200000008000000080000000800000008', null, null, '1000001', 'TRY0001', 'null', '192.168.1.111', 'null', 'null', null, '00', '0');
INSERT INTO "mst_transaksi" VALUES ('201705150091605316857898', '05', '2017', '530000000001', 'SUBCRIBER NAME', '6021', '2017-05-30 21:16:05', '2017-05-30 21:16:05', '2017-05-30 21:29:16', null, '99501', null, null, '044121C9B18A8BE16F4362A6A1F9A623', '300000', '2500', '0', '302500', '1000', '302500', '0', '111107776111', '21105030004182810000059950136000000003000004839840549322017051500916060210744100100744112380000TMC000000000000123600000005300000000011019998CEFD5DA207515708831CAECBD298SUBCRIBER NAME           00005000000000000015  R10000013000000025002017053005201730052017000000300000C00000000000000000000000000000000000011110000222200000008000000080000000800000008', '2210503200418281000A05995013600000000302500195661113526201705150092912017053060210744100100744112380000TMC000000000000123700000005300000000011101044121C9B18A8BE16F4362A6A1F9A623SUBCRIBER NAME           00005000000000000015R1  0000013000000025002017053005201730052017000000300000C000000000000000000000000000000000000111100002222000000080000000800000008000000080329998CEFD5DA207515708831CAECBD298064RINCIAN TAGIHAN DAPAT DIAKSES DI www.pln.co.id ATAU PLN TERDEKAT', null, '1000001', 'TRY0001', 'null', '192.168.1.111', 'null', 'null', null, '02', '0');
INSERT INTO "mst_transaksi" VALUES ('2017051501007255014136', '05', '2017', '530000000001', 'SUBCRIBER NAME', '6021', '2017-05-30 22:07:24', '2017-05-30 22:07:25', '2017-05-30 23:48:14', null, '99501', null, null, '044121C9B18AA0C3BCEC924000BD7BB0', '300000', '2500', '0', '302500', '1000', '302500', '0', '111105658611', '21105030004182810000059950136000000003000005397046657472017051501007260210744100100744112380000TMC00000000000012360000000530000000001101316C9855B19154C46154802CA84D1DDBSUBCRIBER NAME           00005000000000000015  R10000013000000025002017053005201730052017000000300000C00000000000000000000000000000000000011110000222200000008000000080000000800000008', '2210503200418281000A05995013600000000302500677725210568201705150114812017053060210744100100744112380000TMC000000000000123700000005300000000011101044121C9B18AA0C3BCEC924000BD7BB0SUBCRIBER NAME           00005000000000000015R1  0000013000000025002017053005201730052017000000300000C00000000000000000000000000000000000011110000222200000008000000080000000800000008032316C9855B19154C46154802CA84D1DDB064RINCIAN TAGIHAN DAPAT DIAKSES DI www.pln.co.id ATAU PLN TERDEKAT', null, '1000001', 'TRY0001', 'null', '192.168.1.111', 'null', 'null', null, '02', '0');
INSERT INTO "mst_transaksi" VALUES ('201705150115423986127001', '05', '2017', '520000000063', 'SUBCRIBER NAME', '6021', '2017-05-30 23:54:18', '2017-05-30 23:54:23', '2017-05-31 00:15:49', '2017-05-31 00:17:50', '99501', null, null, '3E9ABF3CE7142C5270C76CCD05E681AB', '300000', '2500', '0', '302500', '1000', '302500', '302500', '111105053611', '21105030004182810000059950136000000003000002115617642662017051501154160210744100100744112380000TMC000000000000123600000005200000000631013E9ABF3CE7142C5270C76CCD05E681ABSUBCRIBER NAME           00005000000000000015  R10000013000000025002017053005201730052017000000300000C00000000000000000000000000000000000011110000222200000008000000080000000800000008', null, null, '1000001', 'TRY0001', 'null', '192.168.1.111', 'null', 'null', null, '11', '0');
INSERT INTO "mst_transaksi" VALUES ('201705151010041149914057', '05', '2017', '523013161974', 'SUBSCRIBER NAME', '6021', '2017-05-31 01:00:42', '2017-05-31 01:00:42', '2017-05-31 01:01:35', '2017-05-31 01:01:36', '99502', 'BL20   ', '', '4C4D9AC24F864164C953DB7C82D3E102', '20000', '2500', '0', '22500', '1000', '22500', '22500', '111104813611', '2110403000418281000405995021767423473232017051510100460210744100100744112380000TMC00000000000011440000000050000000475230131619740                                4C4D9AC24F864164C953DB7C82D3E102SUBSCRIBER NAME            R1000001300200002500000280200005000000000000015000050', null, '2210503200418281000E05995023600000000022500519306252119201705151010132017053160210744100100744112380047TMC000000000000124100000000500000004752301316197404C4D9AC24F864164C953DB7C82D3E102044121C9B18D8064634564CEDAB996F900000008SUBSCRIBER NAME          R1  00000130002000025000020000000000200000000002000000000020000000000200000200000020000001280123123123112312312310324C4D9AC24F864164C953DB7C82D3E102036020500000000000001500005000000000000064RINCIAN TAGIHAN DAPAT DIAKSES DI www.pln.co.id ATAU PLN TERDEKAT', '1000001', 'TRY0001', 'null', '192.168.1.111', 'null', 'null', null, '11', '0');
INSERT INTO "mst_transaksi" VALUES ('201705151010338594117849', '05', '2017', '520000000063', 'SUBSCRIBER NAME', '6021', '2017-05-31 01:03:39', '2017-05-31 01:03:39', '2017-05-31 01:03:54', null, '99502', 'BL20   ', 'D0236D259C5B9FF5E12B77C95846C943', '044121C9B18D846A3C48686339D1AAF0', '20000', '2500', '0', '22500', '1000', '22500', '0', '111104813611', '2110403000418281000405995025884708764022017051510103360210744100100744112380000TMC00000000000011440000000110000000865200000000631                                D0236D259C5B9FF5E12B77C95846C943SUBSCRIBER NAME            R1000001300200002500000280200005000000000000015000050', '2210503200418281000E05995023600000000022500214810990258201705151010352017053160210744100100744112380000TMC00000000000012410000000110000000865200000000630D0236D259C5B9FF5E12B77C95846C943044121C9B18D846A3C48686339D1AAF000000008SUBSCRIBER NAME          R1  0000013000200002500002000000000020000000000200000000002000000000020000020000002000000128012312312311231231231032D0236D259C5B9FF5E12B77C95846C943036020500000000000001500005000000000000064RINCIAN TAGIHAN DAPAT DIAKSES DI www.pln.co.id ATAU PLN TERDEKAT', null, '1000001', 'TRY0001', 'null', '192.168.1.111', 'null', 'null', '12312312311231231231', '02', '0');
INSERT INTO "mst_transaksi" VALUES ('201705151010617859216302', '05', '2017', '523013161974', 'SUBSCRIBER NAME', '6021', '2017-05-31 01:06:17', '2017-05-31 01:06:17', '2017-05-31 01:07:16', null, '99502', 'BL20   ', '', 'E684E2EE60A05C29384DE5A638DE9C9F', '20000', '2500', '0', '22500', '1000', '22500', '0', '111104791111', '2110403000418281000405995028927849018062017051510106160210744100100744112380000TMC00000000000011440000000050000000635230131619740                                E684E2EE60A05C29384DE5A638DE9C9FSUBSCRIBER NAME            R1000001300200002500000280200005000000000000015000050', null, null, '1000001', 'TRY0001', 'null', '192.168.1.111', 'null', 'null', null, '01', '0');
INSERT INTO "mst_transaksi" VALUES ('201705151012426237618570', '05', '2017', '520000000068', 'SUBSCRIBER NAME', '6021', '2017-05-31 01:24:27', '2017-05-31 01:24:27', '2017-05-31 01:25:05', null, '99502', 'BL20   ', '6A820F3818A90297358E85A1D2739072', '044121C9B18D866DB4A438A22BA8149D', '20000', '2500', '0', '22500', '1000', '22500', '0', '111104768611', '2110403000418281000405995026703356996132017051510124260210744100100744112380000TMC00000000000011440000000110000000865200000000681                                6A820F3818A90297358E85A1D2739072SUBSCRIBER NAME            R1000001300200002500000280200005000000000000015000050', '2210503200418281000E05995023600000000022500128591648906201705151012502017053160210744100100744112380000TMC000000000000124100000001100000008652000000006806A820F3818A90297358E85A1D2739072044121C9B18D866DB4A438A22BA8149D00000008SUBSCRIBER NAME          R1  00000130002000025000020000000000200000000002000000000020000000000200000200000020000001280123123123112312312310326A820F3818A90297358E85A1D2739072036020500000000000001500005000000000000064RINCIAN TAGIHAN DAPAT DIAKSES DI www.pln.co.id ATAU PLN TERDEKAT', null, '1000001', 'TRY0001', 'null', '192.168.1.111', 'null', 'null', '12312312311231231231', '02', '0');
INSERT INTO "mst_transaksi" VALUES ('201705151012618171641845', '05', '2017', '523013161974', 'SUBSCRIBER NAME', '6021', '2017-05-31 01:26:18', '2017-05-31 01:26:18', '2017-05-31 01:26:58', null, '99502', 'BL20   ', '', 'FA1232867B2CCA899A2F8610F64D7FE0', '20000', '2500', '0', '22500', '1000', '22500', '0', '111104746111', '2110403000418281000405995024290870693282017051510126160210744100100744112380000TMC00000000000011440000000050000000685230131619740                                FA1232867B2CCA899A2F8610F64D7FE0SUBSCRIBER NAME            R1000001300200002500000280200005000000000000015000050', null, null, '1000001', 'TRY0001', 'null', '192.168.1.111', 'null', 'null', null, '01', '0');
INSERT INTO "mst_transaksi" VALUES ('201705151012914195570917', '05', '2017', '523013161974', 'SUBSCRIBER NAME', '6021', '2017-05-31 01:29:14', '2017-05-31 01:29:14', '2017-05-31 01:30:07', '2017-05-31 01:30:07', '99502', 'BL20   ', '', '17A61631C16D3E429EAFE7A8802CDAF8', '20000', '2500', '0', '22500', '1000', '22500', '22500', '111104723611', '2110403000418281000405995028663916048032017051510129160210744100100744112380000TMC00000000000011440000000050000000685230131619740                                17A61631C16D3E429EAFE7A8802CDAF8SUBSCRIBER NAME            R1000001300200002500000280200005000000000000015000050', null, null, '1000001', 'TRY0001', 'null', '192.168.1.111', 'null', 'null', null, '11', '0');
INSERT INTO "mst_transaksi" VALUES ('201705151013208401137885', '05', '2017', '520000000168', 'SUBSCRIBER NAME', '6021', '2017-05-31 01:32:08', '2017-05-31 01:32:08', '2017-05-31 01:33:48', null, '99502', 'BL20   ', 'C1B50272702704C121394F29D1D03642', '044121C9B18D874556F8355F05EEACA0', '20000', '2500', '0', '22500', '1000', '22500', '0', '111104723611', '2110403000418281000405995028368192316902017051510132060210744100100744112380000TMC00000000000011440000000110000000865200000001681                                C1B50272702704C121394F29D1D03642SUBSCRIBER NAME            R1000001300200002500000280200005000000000000015000050', '2210503200418281000E05995023600000000022500520063142856201705151013342017053160210744100100744112380000TMC00000000000012410000000110000000865200000001680C1B50272702704C121394F29D1D03642044121C9B18D874556F8355F05EEACA000000008SUBSCRIBER NAME          R1  0000013000200002500002000000000020000000000200000000002000000000020000020000002000000128012312312311231231231032C1B50272702704C121394F29D1D03642036020500000000000001500005000000000000064RINCIAN TAGIHAN DAPAT DIAKSES DI www.pln.co.id ATAU PLN TERDEKAT', null, '1000001', 'TRY0001', 'null', '192.168.1.111', 'null', 'null', '12312312311231231231', '02', '0');
INSERT INTO "mst_transaksi" VALUES ('201705151013517991237943', '05', '2017', '523013161974', 'SUBSCRIBER NAME', '6021', '2017-05-31 01:35:17', '2017-05-31 01:35:17', '2017-05-31 01:36:41', '2017-05-31 01:36:41', '99502', 'BL20   ', '', '2D023E27688E538331AB653DF18E47E0', '20000', '2500', '0', '22500', '1000', '22500', '22500', '111104701111', '2110403000418281000405995022281989009382017051510135160210744100100744112380000TMC00000000000011440000000050000001685230131619740                                2D023E27688E538331AB653DF18E47E0SUBSCRIBER NAME            R1000001300200002500000280200005000000000000015000050', null, null, '1000001', 'TRY0001', 'null', '192.168.1.111', 'null', 'null', null, '11', '0');
INSERT INTO "mst_transaksi" VALUES ('201705151013818352986833', '05', '2017', '520000000200', 'SUBSCRIBER NAME', '6021', '2017-05-31 01:38:19', '2017-05-31 01:38:19', '2017-05-31 01:39:07', null, '99502', 'BL20   ', 'C0424AD3FC3C64499AC1B8BC9221632E', '044121C9B18D87C3DC44135BDD4298A9', '20000', '2500', '0', '22500', '1000', '22500', '0', '111104701111', '2110403000418281000405995022571288847232017051510138160210744100100744112380000TMC00000000000011440000000110000000865200000002001                                C0424AD3FC3C64499AC1B8BC9221632ESUBSCRIBER NAME            R1000001300200002500000280200005000000000000015000050', '2210503200418281000E05995023600000000022500355166338761201705151013902017053160210744100100744112380000TMC00000000000012410000000110000000865200000002000C0424AD3FC3C64499AC1B8BC9221632E044121C9B18D87C3DC44135BDD4298A900000008SUBSCRIBER NAME          R1  0000013000200002500002000000000020000000000200000000002000000000020000020000002000000128012312312311231231231032C0424AD3FC3C64499AC1B8BC9221632E036020500000000000001500005000000000000064RINCIAN TAGIHAN DAPAT DIAKSES DI www.pln.co.id ATAU PLN TERDEKAT', null, '1000001', 'TRY0001', 'null', '192.168.1.111', 'null', 'null', '12312312311231231231', '02', '0');
INSERT INTO "mst_transaksi" VALUES ('201705151122216947619873', '05', '2017', '520000000094', 'SUBCRIBER NAME', '6021', '2017-05-31 00:22:17', '2017-05-31 00:22:17', '2017-05-31 00:23:14', '2017-05-31 00:25:14', '99501', null, null, 'D542AD317B1BA4395C2986038B52B308', '300000', '2500', '0', '302500', '1000', '302500', '302500', '111105053611', '21105030004182810000059950136000000003000006697318358312017051511222160210744100100744112380000TMC00000000000012360000000520000000094101D542AD317B1BA4395C2986038B52B308SUBCRIBER NAME           00005000000000000015  R10000013000000025002017053005201730052017000000300000C00000000000000000000000000000000000011110000222200000008000000080000000800000008', null, null, '1000001', 'TRY0001', 'null', '192.168.1.111', 'null', 'null', null, '11', '0');
INSERT INTO "mst_transaksi" VALUES ('20170515112294319253136', '05', '2017', '520000000068', 'SUBCRIBER NAME', '6021', '2017-05-31 00:29:43', '2017-05-31 00:29:43', '2017-05-31 00:31:17', '2017-05-31 00:33:17', '99501', null, null, 'A935A0874CD1B18BF89B3CDD14E038E9', '300000', '2500', '0', '302500', '1000', '302500', '302500', '111105053611', '21105030004182810000059950136000000003000007342078528332017051511229460210744100100744112380000TMC00000000000012360000000520000000068101A935A0874CD1B18BF89B3CDD14E038E9SUBCRIBER NAME           00005000000000000015  R10000013000000025002017053005201730052017000000300000C00000000000000000000000000000000000011110000222200000008000000080000000800000008', null, null, '1000001', 'TRY0001', 'null', '192.168.1.111', 'null', 'null', null, '11', '0');
INSERT INTO "mst_transaksi" VALUES ('201705151123334192020501', '05', '2017', '520000000168', 'SUBCRIBER NAME', '6021', '2017-05-31 00:33:35', '2017-05-31 00:33:35', '2017-05-31 00:34:20', '2017-05-31 00:36:20', '99501', null, null, 'D3F4C637422ABE0E9B747F2766612D50', '300000', '2500', '0', '302500', '1000', '302500', '302500', '111105053611', '21105030004182810000059950136000000003000005925279263762017051511233360210744100100744112380000TMC00000000000012360000000520000000168101D3F4C637422ABE0E9B747F2766612D50SUBCRIBER NAME           00005000000000000015  R10000013000000025002017053005201730052017000000300000C00000000000000000000000000000000000011110000222200000008000000080000000800000008', null, null, '1000001', 'TRY0001', 'null', '192.168.1.111', 'null', 'null', null, '11', '0');
INSERT INTO "mst_transaksi" VALUES ('201705151123809420012754', '05', '2017', '520000000200', 'SUBCRIBER NAME', '6021', '2017-05-31 00:38:09', '2017-05-31 00:38:09', '2017-05-31 00:39:00', null, '99501', null, null, '044121C9B18D7E38D63BA64082C54356', '300000', '2500', '0', '302500', '1000', '302500', '0', '111105053611', '21105030004182810000059950136000000003000007981294462592017051511238060210744100100744112380000TMC00000000000012360000000520000000200101C267D6B2448F5CF149AD0EF4048A9F29SUBCRIBER NAME           00005000000000000015  R10000013000000025002017053005201730052017000000300000C00000000000000000000000000000000000011110000222200000008000000080000000800000008', '2210503200418281000A05995013600000000302500356852206149201705151123852017053160210744100100744112380000TMC000000000000123700000005200000002001101044121C9B18D7E38D63BA64082C54356SUBCRIBER NAME           00005000000000000015R1  0000013000000025002017053005201730052017000000300000C00000000000000000000000000000000000011110000222200000008000000080000000800000008032C267D6B2448F5CF149AD0EF4048A9F29064RINCIAN TAGIHAN DAPAT DIAKSES DI www.pln.co.id ATAU PLN TERDEKAT', null, '1000001', 'TRY0001', 'null', '192.168.1.111', 'null', 'null', null, '02', '0');
INSERT INTO "mst_transaksi" VALUES ('201705151124424457666285', '05', '2017', '540000000002', 'SUBSCRIBER NAME', '6021', '2017-05-31 00:44:24', '2017-05-31 00:44:24', '2017-05-31 00:45:23', null, '99502', 'BL20   ', '1FC14A29AA35C3DCC30DDD2BCA1D3618', '044121C9B18D7ED0D2BD270DC78A8472', '20000', '2500', '0', '22500', '1000', '22500', '0', '111105031111', '2110403000418281000405995025351091976932017051511244260210744100100744112380000TMC00000000000011440000000110000000865400000000021                                1FC14A29AA35C3DCC30DDD2BCA1D3618SUBSCRIBER NAME            R10000013002000025000005002000050000000000000150000520000002000000000050000', '2210503200418281000E05995023600000000022500767648808084201705151124522017053160210744100100744112380000TMC000000000000124100000001100000008654000000000201FC14A29AA35C3DCC30DDD2BCA1D3618044121C9B18D7ED0D2BD270DC78A847200000008SUBSCRIBER NAME          R1  00000130002000025000020000000000200000000002000000000020000000000200000200000020000001280123123123112312312310321FC14A29AA35C3DCC30DDD2BCA1D3618036020500000000000001500005200000000000064RINCIAN TAGIHAN DAPAT DIAKSES DI www.pln.co.id ATAU PLN TERDEKAT', null, '1000001', 'TRY0001', 'null', '192.168.1.111', 'null', 'null', '12312312311231231231', '02', '0');
INSERT INTO "mst_transaksi" VALUES ('201705151124618627363988', '05', '2017', '540000000002', 'SUBSCRIBER NAME', '6021', '2017-05-31 00:46:19', '2017-05-31 00:46:19', '2017-05-31 00:47:04', null, '99502', 'BL50   ', '1C97860E98BC411F4ACB0B74C0599553', '044121C9B18D7EFD2057218DB1AA4F9A', '50000', '2500', '0', '52500', '1000', '52500', '0', '111104978611', '2110403000418281000405995029250388793062017051511246160210744100100744112380000TMC00000000000011440000000110000000865400000000021                                1C97860E98BC411F4ACB0B74C0599553SUBSCRIBER NAME            R10000013002000025000005002000050000000000000150000520000002000000000050000', '2210503200418281000E05995023600000000052500794669868627201705151124702017053160210744100100744112380000TMC000000000000124100000001100000008654000000000201C97860E98BC411F4ACB0B74C0599553044121C9B18D7EFD2057218DB1AA4F9A00000008SUBSCRIBER NAME          R1  00000130002000025000020000000000200000000002000000000020000000000200000500000020000001280123123123112312312310321C97860E98BC411F4ACB0B74C0599553036020500000000000001500005200000000000064RINCIAN TAGIHAN DAPAT DIAKSES DI www.pln.co.id ATAU PLN TERDEKAT', null, '1000001', 'TRY0001', 'null', '192.168.1.111', 'null', 'null', '12312312311231231231', '02', '0');
INSERT INTO "mst_transaksi" VALUES ('201705151124802593076932', '05', '2017', '523013161974', 'SUBSCRIBER NAME', '6021', '2017-05-31 00:48:03', '2017-05-31 00:48:03', '2017-05-31 00:48:53', null, '99502', 'BL20   ', '9B4F95453245167B9288A57654B70753', '044121C9B18D7F2B4737FD032BD01C2B', '20000', '2500', '0', '22500', '1000', '22500', '0', '111104956111', '2110403000418281000405995025212916293662017051511248060210744100100744112380000TMC00000000000011440000000060000000025230131619740                                9B4F95453245167B9288A57654B70753SUBSCRIBER NAME            R10000013002000025000005002000050000000000000150000520000002000000000050000', '2210503200418281000E05995023600000000022500850970183808201705151124852017053160210744100100744112380000TMC000000000000124100000000600000000252301316197409B4F95453245167B9288A57654B70753044121C9B18D7F2B4737FD032BD01C2B00000008SUBSCRIBER NAME          R1  00000130002000025000020000000000200000000002000000000020000000000200000200000020000001280123123123112312312310329B4F95453245167B9288A57654B70753036020500000000000001500005200000000000064RINCIAN TAGIHAN DAPAT DIAKSES DI www.pln.co.id ATAU PLN TERDEKAT', null, '1000001', 'TRY0001', 'null', '192.168.1.111', 'null', 'null', '12312312311231231231', '02', '0');
INSERT INTO "mst_transaksi" VALUES ('201705151124945319538049', '05', '2017', '523013161974', 'SUBSCRIBER NAME', '6021', '2017-05-31 00:49:46', '2017-05-31 00:49:46', '2017-05-31 00:50:30', null, '99502', 'BL50   ', '3728C15E667E61369AF6CC944E94AC5C', '044121C9B18D7F569841CB121CD10AC6', '50000', '2500', '0', '52500', '1000', '52500', '0', '111104903611', '2110403000418281000405995023441463886992017051511249460210744100100744112380000TMC00000000000011440000000060000000025230131619740                                3728C15E667E61369AF6CC944E94AC5CSUBSCRIBER NAME            R10000013002000025000005002000050000000000000150000520000002000000000050000', '2210503200418281000E05995023600000000052500934714443801201705151125032017053160210744100100744112380000TMC000000000000124100000000600000000252301316197403728C15E667E61369AF6CC944E94AC5C044121C9B18D7F569841CB121CD10AC600000008SUBSCRIBER NAME          R1  00000130002000025000020000000000200000000002000000000020000000000200000500000020000001280123123123112312312310323728C15E667E61369AF6CC944E94AC5C036020500000000000001500005200000000000064RINCIAN TAGIHAN DAPAT DIAKSES DI www.pln.co.id ATAU PLN TERDEKAT', null, '1000001', 'TRY0001', 'null', '192.168.1.111', 'null', 'null', '12312312311231231231', '02', '0');
INSERT INTO "mst_transaksi" VALUES ('20170515112523314043273', '05', '2017', '520000000013', 'SUBSCRIBER NAME', '6021', '2017-05-31 00:52:33', '2017-05-31 00:52:33', '2017-05-31 00:53:09', null, '99502', 'BL20   ', '1B05F92AB6A2A66BE635EE4EABC5A01B', '044121C9B18D7F90EBD73B3D76258B95', '20000', '2500', '0', '22500', '1000', '22500', '0', '111104881111', '2110403000418281000405995024974221459392017051511252360210744100100744112380000TMC00000000000011440000000110000000865200000000131                                1B05F92AB6A2A66BE635EE4EABC5A01BSUBSCRIBER NAME            R1000001300200002500000280200005000000000000015000050', '2210503200418281000E05995023600000000022500276141531833201705151125302017053160210744100100744112380000TMC000000000000124100000001100000008652000000001301B05F92AB6A2A66BE635EE4EABC5A01B044121C9B18D7F90EBD73B3D76258B9500000008SUBSCRIBER NAME          R1  00000130002000025000020000000000200000000002000000000020000000000200000200000020000001280123123123112312312310321B05F92AB6A2A66BE635EE4EABC5A01B036020500000000000001500005000000000000064RINCIAN TAGIHAN DAPAT DIAKSES DI www.pln.co.id ATAU PLN TERDEKAT', null, '1000001', 'TRY0001', 'null', '192.168.1.111', 'null', 'null', '12312312311231231231', '02', '0');
INSERT INTO "mst_transaksi" VALUES ('20170515112542997712762', '05', '2017', '520000000041', 'SUBSCRIBER NAME', '6021', '2017-05-31 00:54:30', '2017-05-31 00:54:30', '2017-05-31 00:55:10', null, '99502', 'BL20   ', '5ED243242A3A43A6F3D01FE6CEA6FFB5', '044121C9B18D7FC1F321B560562A4E82', '20000', '2500', '0', '22500', '1000', '22500', '0', '111104858611', '2110403000418281000405995025939876012692017051511254260210744100100744112380000TMC00000000000011440000000110000000865200000000411                                5ED243242A3A43A6F3D01FE6CEA6FFB5SUBSCRIBER NAME            R1000001300200002500000280200005000000000000015000050', '2210503200418281000E05995023600000000022500263300534529201705151125502017053160210744100100744112380000TMC000000000000124100000001100000008652000000004105ED243242A3A43A6F3D01FE6CEA6FFB5044121C9B18D7FC1F321B560562A4E8200000008SUBSCRIBER NAME          R1  00000130002000025000020000000000200000000002000000000020000000000200000200000020000001280123123123112312312310325ED243242A3A43A6F3D01FE6CEA6FFB5036020500000000000001500005000000000000064RINCIAN TAGIHAN DAPAT DIAKSES DI www.pln.co.id ATAU PLN TERDEKAT', null, '1000001', 'TRY0001', 'null', '192.168.1.111', 'null', 'null', '12312312311231231231', '02', '0');
INSERT INTO "mst_transaksi" VALUES ('201705151125645229157841', '05', '2017', '523013161974', 'SUBSCRIBER NAME', '6021', '2017-05-31 00:56:45', '2017-05-31 00:56:45', '2017-05-31 00:57:33', '2017-05-31 00:57:34', '99502', 'BL20   ', '', '3FB66A346AF3B0E47449FF86F7559C52', '20000', '2500', '0', '22500', '1000', '22500', '22500', '111104836111', '2110403000418281000405995029364037075242017051511256460210744100100744112380000TMC00000000000011440000000050000000415230131619740                                3FB66A346AF3B0E47449FF86F7559C52SUBSCRIBER NAME            R1000001300200002500000280200005000000000000015000050', null, '2210503200418281000E05995023600000000022500161031414415201705151125732017053160210744100100744112380041TMC000000000000124100000000500000004152301316197403FB66A346AF3B0E47449FF86F7559C52044121C9B18D8002461DCC5E33CB81D300000008SUBSCRIBER NAME          R1  00000130002000025000020000000000200000000002000000000020000000000200000200000020000001280123123123112312312310323FB66A346AF3B0E47449FF86F7559C52036020500000000000001500005000000000000064RINCIAN TAGIHAN DAPAT DIAKSES DI www.pln.co.id ATAU PLN TERDEKAT', '1000001', 'TRY0001', 'null', '192.168.1.111', 'null', 'null', null, '11', '0');
INSERT INTO "mst_transaksi" VALUES ('201705151125838854101705', '05', '2017', '520000000047', 'SUBSCRIBER NAME', '6021', '2017-05-31 00:58:39', '2017-05-31 00:58:39', '2017-05-31 00:59:41', null, '99502', 'BL20   ', 'EE74840508A70BBCF5FAA254646E4DBA', '044121C9B18D8034CE64B8B407CF18AF', '20000', '2500', '0', '22500', '1000', '22500', '0', '111104836111', '2110403000418281000405995029017664849952017051511258360210744100100744112380000TMC00000000000011440000000110000000865200000000471                                EE74840508A70BBCF5FAA254646E4DBASUBSCRIBER NAME            R1000001300200002500000280200005000000000000015000050', '2210503200418281000E05995023600000000022500851177720809201705151125942017053160210744100100744112380000TMC00000000000012410000000110000000865200000000470EE74840508A70BBCF5FAA254646E4DBA044121C9B18D8034CE64B8B407CF18AF00000008SUBSCRIBER NAME          R1  0000013000200002500002000000000020000000000200000000002000000000020000020000002000000128012312312311231231231032EE74840508A70BBCF5FAA254646E4DBA036020500000000000001500005000000000000064RINCIAN TAGIHAN DAPAT DIAKSES DI www.pln.co.id ATAU PLN TERDEKAT', null, '1000001', 'TRY0001', 'null', '192.168.1.111', 'null', 'null', '12312312311231231231', '02', '0');
COMMIT;

-- ----------------------------
-- Table structure for trans_deposit
-- ----------------------------
DROP TABLE IF EXISTS "trans_deposit";
CREATE TABLE "trans_deposit" (
"trans_id" int8 DEFAULT nextval('trans_deposit_squance'::regclass) NOT NULL,
"partner_id" varchar(7) COLLATE "default",
"description" varchar(100) COLLATE "default",
"debet" float8,
"kredit" float8,
"saldo" float8,
"date" timestamp(0)
)
WITH (OIDS=FALSE)

;

-- ----------------------------
-- Records of trans_deposit
-- ----------------------------
BEGIN;
INSERT INTO "trans_deposit" VALUES ('3', '1000001', 'Payment 2017051501007255014136', '302500', '0', '111105658611', '2017-05-30 23:48:13');
INSERT INTO "trans_deposit" VALUES ('4', '1000001', 'Payment 201705150115423986127001', '302500', '0', '111105356111', '2017-05-30 23:55:55');
INSERT INTO "trans_deposit" VALUES ('5', '1000001', 'Payment 201705150115423986127001', '302500', '0', '111105053611', '2017-05-31 00:15:49');
INSERT INTO "trans_deposit" VALUES ('6', '1000001', 'Reverse 201705150115423986127001', '0', '302500', '111105356111', '2017-05-31 00:17:50');
INSERT INTO "trans_deposit" VALUES ('7', '1000001', 'Payment 201705151122216947619873', '302500', '0', '111105053611', '2017-05-31 00:23:14');
INSERT INTO "trans_deposit" VALUES ('8', '1000001', 'Reverse 201705151122216947619873', '0', '302500', '111105356111', '2017-05-31 00:25:14');
INSERT INTO "trans_deposit" VALUES ('9', '1000001', 'Payment 20170515112294319253136', '302500', '0', '111105053611', '2017-05-31 00:31:17');
INSERT INTO "trans_deposit" VALUES ('10', '1000001', 'Reverse 20170515112294319253136', '0', '302500', '111105356111', '2017-05-31 00:33:17');
INSERT INTO "trans_deposit" VALUES ('11', '1000001', 'Payment 201705151123334192020501', '302500', '0', '111105053611', '2017-05-31 00:34:20');
INSERT INTO "trans_deposit" VALUES ('12', '1000001', 'Reverse 201705151123334192020501', '0', '302500', '111105356111', '2017-05-31 00:36:20');
INSERT INTO "trans_deposit" VALUES ('13', '1000001', 'Payment 201705151123809420012754', '302500', '0', '111105053611', '2017-05-31 00:39:00');
INSERT INTO "trans_deposit" VALUES ('14', '1000001', 'Payment 201705151124424457666285', '22500', '0', '111105031111', '2017-05-31 00:45:22');
INSERT INTO "trans_deposit" VALUES ('15', '1000001', 'Payment 201705151124618627363988', '52500', '0', '111104978611', '2017-05-31 00:47:04');
INSERT INTO "trans_deposit" VALUES ('16', '1000001', 'Payment 201705151124802593076932', '22500', '0', '111104956111', '2017-05-31 00:48:53');
INSERT INTO "trans_deposit" VALUES ('17', '1000001', 'Payment 201705151124945319538049', '52500', '0', '111104903611', '2017-05-31 00:50:30');
INSERT INTO "trans_deposit" VALUES ('18', '1000001', 'Payment 20170515112523314043273', '22500', '0', '111104881111', '2017-05-31 00:53:09');
INSERT INTO "trans_deposit" VALUES ('19', '1000001', 'Payment 20170515112542997712762', '22500', '0', '111104858611', '2017-05-31 00:55:10');
INSERT INTO "trans_deposit" VALUES ('20', '1000001', 'Payment 201705151125645229157841', '22500', '0', '111104836111', '2017-05-31 00:57:33');
INSERT INTO "trans_deposit" VALUES ('21', '1000001', 'Reverse 201705151125645229157841', '0', '22500', '111104858611', '2017-05-31 00:57:34');
INSERT INTO "trans_deposit" VALUES ('22', '1000001', 'Payment 201705151125838854101705', '22500', '0', '111104836111', '2017-05-31 00:59:40');
INSERT INTO "trans_deposit" VALUES ('23', '1000001', 'Payment 201705151010041149914057', '22500', '0', '111104813611', '2017-05-31 01:01:35');
INSERT INTO "trans_deposit" VALUES ('24', '1000001', 'Reverse 201705151010041149914057', '0', '22500', '111104836111', '2017-05-31 01:01:36');
INSERT INTO "trans_deposit" VALUES ('25', '1000001', 'Payment 201705151010338594117849', '22500', '0', '111104813611', '2017-05-31 01:03:54');
INSERT INTO "trans_deposit" VALUES ('26', '1000001', 'Payment 201705151010617859216302', '22500', '0', '111104791111', '2017-05-31 01:07:16');
INSERT INTO "trans_deposit" VALUES ('27', '1000001', 'Payment 201705151012426237618570', '22500', '0', '111104768611', '2017-05-31 01:25:05');
INSERT INTO "trans_deposit" VALUES ('28', '1000001', 'Payment 201705151012618171641845', '22500', '0', '111104746111', '2017-05-31 01:26:58');
INSERT INTO "trans_deposit" VALUES ('29', '1000001', 'Payment 201705151012914195570917', '22500', '0', '111104723611', '2017-05-31 01:29:26');
INSERT INTO "trans_deposit" VALUES ('30', '1000001', 'Reverse 201705151012914195570917', '0', '22500', '111104746111', '2017-05-31 01:30:07');
INSERT INTO "trans_deposit" VALUES ('31', '1000001', 'Payment 201705151013208401137885', '22500', '0', '111104723611', '2017-05-31 01:33:48');
INSERT INTO "trans_deposit" VALUES ('32', '1000001', 'Payment 201705151013517991237943', '22500', '0', '111104701111', '2017-05-31 01:36:01');
INSERT INTO "trans_deposit" VALUES ('33', '1000001', 'Reverse 201705151013517991237943', '0', '22500', '111104723611', '2017-05-31 01:36:41');
INSERT INTO "trans_deposit" VALUES ('34', '1000001', 'Payment 201705151013818352986833', '22500', '0', '111104701111', '2017-05-31 01:39:06');
COMMIT;

-- ----------------------------
-- Table structure for user_id
-- ----------------------------
DROP TABLE IF EXISTS "user_id";
CREATE TABLE "user_id" (
"partner_id" varchar(7) COLLATE "default",
"uid" varchar COLLATE "default" NOT NULL,
"pass" varchar COLLATE "default",
"uid_name" varchar(35) COLLATE "default"
)
WITH (OIDS=FALSE)

;

-- ----------------------------
-- Records of user_id
-- ----------------------------
BEGIN;
INSERT INTO "user_id" VALUES ('1000001', 'TRY0001', 'TRY0001', 'TRAY AND ERROR');
COMMIT;

-- ----------------------------
-- Table structure for version
-- ----------------------------
DROP TABLE IF EXISTS "version";
CREATE TABLE "version" (
"Id" int2 NOT NULL,
"version" varchar(255) COLLATE "default" NOT NULL,
"link" varchar(255) COLLATE "default"
)
WITH (OIDS=FALSE)

;

-- ----------------------------
-- Records of version
-- ----------------------------
BEGIN;
INSERT INTO "version" VALUES ('1', 'Versi 1.01', 'http://103.15.226.112/Downloads/Ekoperasi.zip');
COMMIT;

-- ----------------------------
-- Alter Sequences Owned By 
-- ----------------------------

-- ----------------------------
-- Primary Key structure for table mst_area_dist
-- ----------------------------
ALTER TABLE "mst_area_dist" ADD PRIMARY KEY ("dist_id");

-- ----------------------------
-- Primary Key structure for table mst_deposit
-- ----------------------------
ALTER TABLE "mst_deposit" ADD PRIMARY KEY ("partner_id");

-- ----------------------------
-- Primary Key structure for table mst_fee
-- ----------------------------
ALTER TABLE "mst_fee" ADD PRIMARY KEY ("partner_id");

-- ----------------------------
-- Primary Key structure for table mst_merchant
-- ----------------------------
ALTER TABLE "mst_merchant" ADD PRIMARY KEY ("merchant_id");

-- ----------------------------
-- Primary Key structure for table mst_partner
-- ----------------------------
ALTER TABLE "mst_partner" ADD PRIMARY KEY ("partner_id");

-- ----------------------------
-- Primary Key structure for table mst_partner_pic
-- ----------------------------
ALTER TABLE "mst_partner_pic" ADD PRIMARY KEY ("pic_id");

-- ----------------------------
-- Primary Key structure for table mst_product
-- ----------------------------
ALTER TABLE "mst_product" ADD PRIMARY KEY ("prod_id");

-- ----------------------------
-- Primary Key structure for table mst_product_item
-- ----------------------------
ALTER TABLE "mst_product_item" ADD PRIMARY KEY ("denom");

-- ----------------------------
-- Primary Key structure for table mst_status
-- ----------------------------
ALTER TABLE "mst_status" ADD PRIMARY KEY ("status_id");

-- ----------------------------
-- Primary Key structure for table mst_transaksi
-- ----------------------------
ALTER TABLE "mst_transaksi" ADD PRIMARY KEY ("ntrans");

-- ----------------------------
-- Primary Key structure for table trans_deposit
-- ----------------------------
ALTER TABLE "trans_deposit" ADD PRIMARY KEY ("trans_id");

-- ----------------------------
-- Primary Key structure for table user_id
-- ----------------------------
ALTER TABLE "user_id" ADD PRIMARY KEY ("uid");

-- ----------------------------
-- Primary Key structure for table version
-- ----------------------------
ALTER TABLE "version" ADD PRIMARY KEY ("Id");
